,City,Lat,Lng,Max Temp,Humidity,Cloudiness (%),Wind Speed (m/s),Country,Date
0,Airai,-8.93,125.41,54.5,100,58,3.44,TL,1596023181
1,New Norfolk,-42.78,147.06,48.99,78,41,3.0,AU,1596023183
2,Bonthe,7.53,-12.51,78.33,78,99,10.85,SL,1596023185
3,Bluff,-46.6,168.33,48.97,90,100,10.6,NZ,1596023187
4,Pacific Grove,36.62,-121.92,57.2,93,90,3.36,US,1596023160
5,Bambous Virieux,-20.34,57.76,77.0,61,40,12.75,MU,1596023192
6,Carnarvon,-24.87,113.63,68.0,60,0,11.41,AU,1596023194
7,Plettenberg Bay,-34.05,23.37,63.95,48,0,9.89,ZA,1596023196
8,Launceston,-41.45,147.17,48.99,100,90,13.87,AU,1596023198
9,Tegul'det,57.31,88.17,69.8,84,93,1.34,RU,1596023200
10,Fortuna,40.6,-124.16,53.01,100,90,3.36,US,1596023107
11,Rikitea,-23.12,-134.97,72.3,80,65,9.82,PF,1596023205
12,Severo-Kuril'sk,50.68,156.12,51.22,87,92,14.05,RU,1596023207
13,Kununurra,-15.77,128.73,66.2,26,0,3.36,AU,1596023209
14,Ixtapa,20.7,-105.2,77.0,94,40,4.7,MX,1596023211
15,Hobart,-42.88,147.33,51.8,62,75,8.05,AU,1596023053
16,Punta Arenas,-53.15,-70.92,39.2,80,78,6.93,CL,1596023216
17,Ushuaia,-54.8,-68.3,39.2,69,40,28.86,AR,1596023102
18,Constitución,-35.33,-72.42,42.85,74,8,4.85,CL,1596023220
19,Nikolskoye,59.7,30.79,69.8,77,75,8.95,RU,1596023222
20,Kapaa,22.08,-159.32,77.0,83,90,24.16,US,1596023225
21,Avarua,-21.21,-159.78,69.8,88,87,9.17,CK,1596023229
22,Qaanaaq,77.48,-69.36,41.0,76,17,2.26,GL,1596023231
23,Hermanus,-34.42,19.23,66.0,65,1,5.01,ZA,1596023233
24,Cape Town,-33.93,18.42,69.01,67,75,5.82,ZA,1596023058
25,Zhigansk,66.77,123.37,55.33,55,0,14.85,RU,1596023238
26,Hithadhoo,-0.6,73.08,83.3,77,8,13.24,MV,1596023242
27,North Branch,45.51,-92.98,60.01,99,0,1.01,US,1596023191
28,Vestmannaeyjar,63.44,-20.27,51.8,93,75,6.93,IS,1596023249
29,Petropavlovsk-Kamchatskiy,53.05,158.65,59.0,62,81,4.47,RU,1596023054
30,Puerto del Rosario,28.5,-13.86,77.0,69,40,18.34,ES,1596023253
31,Itoman,26.12,127.67,86.0,84,20,12.75,JP,1596023257
32,Redlands,34.06,-117.18,66.2,63,1,0.36,US,1596023260
33,Jacqueville,5.21,-4.41,84.2,74,40,8.05,CI,1596023262
34,Butaritari,3.07,172.79,83.3,75,99,15.7,KI,1596023266
35,Yellowknife,62.46,-114.35,59.0,93,20,5.82,CA,1596023211
36,Straumen,63.87,11.3,71.6,43,88,13.87,NO,1596023273
37,East London,-33.02,27.91,66.2,55,2,16.11,ZA,1596023263
38,Soyo,-6.13,12.37,78.01,65,45,11.07,AO,1596023279
39,Karaton,-6.34,106.1,84.2,66,20,4.7,ID,1596023282
40,Mataura,-46.19,168.86,47.46,88,100,3.58,NZ,1596023284
41,Chokurdakh,70.63,147.92,46.0,68,100,8.25,RU,1596023286
42,Cherskiy,68.75,161.3,42.06,82,1,8.28,RU,1596023290
43,Aransas Pass,27.91,-97.15,82.0,100,40,13.87,US,1596023293
44,Ponta do Sol,32.67,-17.1,73.0,63,17,2.15,PT,1596023295
45,Abalak,58.13,68.59,61.84,49,92,5.79,RU,1596023297
46,Tautira,-17.73,-149.15,73.4,88,75,11.41,PF,1596023299
47,Provideniya,64.38,-173.3,49.64,90,95,10.11,RU,1596023301
48,Hilo,19.73,-155.09,71.6,83,90,6.93,US,1596023303
49,Puerto Ayora,-0.74,-90.35,66.99,95,90,1.01,EC,1596023306
50,Atuona,-9.8,-139.03,79.5,72,1,21.59,PF,1596023308
51,São José da Coroa Grande,-8.9,-35.15,76.68,82,72,14.52,BR,1596023310
52,Torbay,47.67,-52.73,54.0,100,90,6.93,CA,1596023124
53,Port Alfred,-33.59,26.89,65.84,57,14,15.14,ZA,1596023314
54,San Patricio,19.22,-104.7,77.22,88,99,4.07,MX,1596023317
55,Longyearbyen,78.22,15.64,51.8,81,77,3.36,SJ,1596023319
56,Umm Kaddadah,13.6,26.69,85.91,52,98,13.33,SD,1596023321
57,Anzio,41.49,12.62,89.01,66,0,10.29,IT,1596023325
58,Fort Nelson,58.81,-122.7,52.61,86,97,2.33,CA,1596023134
59,Muisne,0.6,-80.03,73.09,88,100,9.31,EC,1596023330
60,Klamath Falls,42.22,-121.78,57.99,82,1,3.36,US,1596023043
61,Albany,42.6,-73.97,68.0,74,0,1.95,US,1596023053
62,Narsaq,60.92,-46.05,50.0,87,75,1.12,GL,1596023336
63,Bredasdorp,-34.53,20.04,68.0,52,0,10.29,ZA,1596023339
64,Aklavik,68.22,-135.01,46.4,93,90,4.7,CA,1596023341
65,Mar del Plata,-38.0,-57.56,43.0,73,0,4.7,AR,1596023165
66,Saint George,37.1,-113.58,75.2,14,1,3.36,US,1596023139
67,Tuktoyaktuk,69.45,-133.04,41.32,87,99,4.0,CA,1596023348
68,Seka,17.93,103.96,85.6,64,60,2.39,TH,1596023350
69,Saint Paul Harbor,57.79,-152.41,53.6,71,1,6.93,US,1596023352
70,Almaznyy,48.04,40.05,89.6,27,20,15.66,RU,1596023354
71,Katsuura,35.13,140.3,73.0,83,100,12.73,JP,1596023356
72,Leningradskiy,69.38,178.42,38.93,77,95,2.89,RU,1596023358
73,Touros,-5.2,-35.46,75.2,88,40,5.82,BR,1596023361
74,Yantongshan,43.29,126.01,72.82,82,74,3.65,CN,1596023363
75,Bilma,18.69,12.92,104.5,15,0,4.99,NE,1596023365
76,Terre Haute,39.47,-87.41,66.99,100,1,2.19,US,1596023368
77,Cidreira,-30.18,-50.21,47.44,75,27,8.39,BR,1596023370
78,Taoudenni,22.68,-3.98,103.3,22,45,5.3,ML,1596023372
79,Aketi,2.74,23.78,86.14,56,91,5.19,CD,1596023374
80,Vaini,-21.2,-175.2,69.8,68,20,13.87,TO,1596023376
81,Busselton,-33.65,115.33,53.01,78,66,5.19,AU,1596023379
82,Flinders,-34.58,150.86,55.99,87,58,1.01,AU,1596023381
83,Koslan,63.46,48.9,70.56,59,57,3.13,RU,1596023383
84,Guisa,20.25,-76.54,77.0,94,70,6.93,CU,1596023385
85,Yangi Marg`ilon,40.43,71.72,95.0,19,1,16.11,UZ,1596023387
86,Mayo,38.89,-76.51,77.0,88,20,4.7,US,1596023389
87,Waycross,31.21,-82.35,75.2,83,75,4.52,US,1596023214
88,Bethel,41.37,-73.41,70.0,100,1,2.08,US,1596023394
89,Saskylakh,71.92,114.08,60.96,56,0,8.12,RU,1596023396
90,Deputatsky,69.3,139.9,39.16,75,35,5.88,RU,1596023398
91,Maniitsoq,65.42,-52.9,47.55,75,46,3.53,GL,1596023400
92,Quatre Cocos,-20.21,57.76,77.0,61,40,12.75,MU,1596023403
93,Salta,-24.79,-65.41,26.6,86,0,2.24,AR,1596023377
94,Falun,60.6,15.63,62.01,77,75,8.05,SE,1596023407
95,Bethanien,-26.5,17.16,75.33,19,0,4.14,NA,1596023409
96,Mitú,1.2,-70.17,72.1,96,64,1.57,CO,1596023411
97,Ust'-Karsk,52.7,118.81,71.56,84,100,2.48,RU,1596023414
98,Golden,39.76,-105.22,68.0,42,1,3.36,US,1596023282
99,Hamilton,39.18,-84.53,69.8,93,75,3.36,US,1596023129
100,Nome,64.5,-165.41,48.2,93,90,16.11,US,1596023420
101,Ilulissat,69.22,-51.1,42.8,81,75,4.7,GL,1596023422
102,Coquimbo,-29.95,-71.34,46.4,87,0,5.82,CL,1596023425
103,Kazachinskoye,57.7,93.28,75.74,59,65,4.61,RU,1596023427
104,Loum,4.72,9.74,73.51,91,100,1.45,CM,1596023429
105,Omboué,-1.57,9.26,77.76,66,97,8.97,GA,1596023433
106,Irondequoit,43.21,-77.58,72.0,73,4,1.99,US,1596023435
107,Padang,-0.95,100.35,82.4,74,40,4.7,ID,1596023438
108,Beringovskiy,63.05,179.32,53.02,85,88,13.35,RU,1596023440
109,Domoni,-12.26,44.53,75.76,83,66,10.87,KM,1596023442
110,Haines Junction,60.75,-137.51,48.06,83,94,0.38,CA,1596023444
111,Oddur,4.12,43.89,84.61,50,89,16.82,SO,1596023449
112,Ribeira Grande,38.52,-28.7,75.2,88,40,13.87,PT,1596023451
113,San Quintín,30.48,-115.95,65.62,86,1,9.17,MX,1596023453
114,Thompson,55.74,-97.86,46.4,100,90,2.24,CA,1596023455
115,Yegorlykskaya,46.57,40.66,87.85,30,70,14.58,RU,1596023457
116,Bāfq,31.61,55.41,105.46,7,0,20.09,IR,1596023460
117,Barrow,71.29,-156.79,42.8,81,90,26.4,US,1596023462
118,Khatanga,71.97,102.5,66.34,49,93,5.5,RU,1596023464
119,Rio Grande,-32.03,-52.1,39.2,78,0,4.7,BR,1596023175
120,Hay River,60.82,-115.8,48.2,87,20,5.82,CA,1596023469
121,Arraial do Cabo,-22.97,-42.03,75.2,88,40,24.16,BR,1596023471
122,Pevek,69.7,170.31,35.15,92,27,8.1,RU,1596023473
123,Smila,49.22,31.89,89.11,36,0,1.23,UA,1596023475
124,Dali,25.7,100.18,68.56,76,99,3.69,CN,1596023477
125,Upernavik,72.79,-56.15,43.21,93,100,5.59,GL,1596023480
126,Lagoa,39.05,-27.98,73.63,88,8,20.4,PT,1596023482
127,Burnie,-41.07,145.92,48.99,84,66,7.0,AU,1596023484
128,Saldanha,-33.01,17.94,64.4,74,75,11.41,ZA,1596023486
129,Forsytheganj,52.63,29.73,73.0,86,82,10.76,BY,1596023491
130,Kota Kinabalu,5.97,116.07,78.8,94,20,3.36,MY,1596023235
131,Mossamedes,-15.2,12.15,71.22,65,22,12.15,AO,1596023495
132,Tuatapere,-46.13,167.68,51.58,86,100,7.81,NZ,1596023500
133,Tornio,65.85,24.15,62.6,88,90,11.41,FI,1596023502
134,Kharovsk,59.96,40.19,72.0,84,88,6.93,RU,1596023504
135,Yar-Sale,66.83,70.83,54.52,71,100,4.63,RU,1596023506
136,Virginia Beach,36.85,-75.98,78.01,83,75,4.7,US,1596023508
137,Aykhal,66.0,111.5,62.6,48,74,4.47,RU,1596023511
138,Matara,5.95,80.54,79.39,84,98,12.73,LK,1596023513
139,Xicoténcatl,23.02,-98.88,73.99,69,100,1.99,MX,1596023515
140,Bantry,51.68,-9.45,57.2,87,20,9.17,IE,1596023392
141,Esperance,-33.87,121.9,57.2,87,53,8.05,AU,1596023520
142,Erzin,36.96,36.2,84.99,79,0,14.0,TR,1596023524
143,Comodoro Rivadavia,-45.87,-67.5,33.8,80,0,8.05,AR,1596023526
144,Alyangula,-13.85,136.42,66.2,72,0,2.24,AU,1596023529
145,Youghal,51.95,-7.85,57.0,100,75,11.41,IE,1596023531
146,Lansdale,40.24,-75.28,77.0,94,1,3.36,US,1596023533
147,Lorengau,-2.02,147.27,82.47,69,8,7.0,PG,1596023535
148,Bathsheba,13.22,-59.52,80.6,88,75,21.92,BB,1596023537
149,Nhulunbuy,-12.23,136.77,71.6,68,40,11.41,AU,1596023540
150,Riachão do Dantas,-11.07,-37.73,73.8,83,45,9.84,BR,1596023542
151,Jamestown,42.1,-79.24,66.99,88,20,8.05,US,1596023544
152,Härnösand,62.63,17.94,64.0,100,90,4.7,SE,1596023546
153,Dikson,73.51,80.55,47.3,79,100,19.22,RU,1596023549
154,Geraldton,-28.77,114.6,55.4,87,0,9.17,AU,1596023551
155,Santa Fe,-31.63,-60.7,42.01,55,0,2.13,AR,1596023293
156,Ambilobe,-13.2,49.05,88.18,43,59,3.29,MG,1596023555
157,Zemio,5.03,25.14,79.56,76,97,5.5,CF,1596023557
158,Mahébourg,-20.41,57.7,77.0,61,40,12.75,MU,1596023560
159,Esil,51.96,66.4,73.72,42,51,9.64,KZ,1596023562
160,Caraquet,47.79,-64.94,62.6,93,90,3.36,CA,1596023564
161,Pangnirtung,66.15,-65.71,48.2,93,90,8.05,CA,1596023566
162,Bengkulu,-3.8,102.27,78.69,88,33,8.46,ID,1596023569
163,Chui,-33.7,-53.46,40.17,82,0,7.63,UY,1596023571
164,Dingle,11.0,122.67,77.27,88,100,2.82,PH,1596023573
165,Naze,28.37,129.48,84.2,89,3,4.7,JP,1596023575
166,Yeppoon,-23.13,150.73,57.2,71,0,5.82,AU,1596023577
167,George Town,5.41,100.34,87.8,66,20,6.93,MY,1596023580
168,Artigas,-30.4,-56.47,39.24,74,0,5.03,UY,1596023582
169,Emerald,-23.53,148.17,59.0,58,0,4.7,AU,1596023584
170,Acaraú,-2.89,-40.12,82.06,55,0,12.64,BR,1596023586
171,Rexburg,43.83,-111.79,57.2,87,1,5.82,US,1596023294
172,Souillac,-20.52,57.52,77.0,61,40,12.75,MU,1596023591
173,Port Elizabeth,-33.92,25.57,64.4,68,20,19.46,ZA,1596023593
174,Vaikam,9.77,76.4,77.0,94,90,6.93,IN,1596023595
175,Tapes,-30.67,-51.4,43.0,78,0,7.94,BR,1596023597
176,Aran,40.63,46.98,84.2,58,75,17.22,AZ,1596023599
177,Itarema,-2.92,-39.92,81.77,55,1,13.91,BR,1596023602
178,Buraidah,26.33,43.98,113.0,21,17,4.7,SA,1596023603
179,Castro,-24.79,-50.01,57.58,94,95,8.01,BR,1596023606
180,Purwakarta,-6.56,107.44,86.0,51,20,4.7,ID,1596023608
181,Alamosa,37.47,-105.87,50.0,87,1,3.36,US,1596023610
182,Olafsvik,64.89,-23.71,51.64,87,100,3.8,IS,1596023613
183,Brae,60.4,-1.35,51.8,93,75,20.8,GB,1596023615
184,Bubaque,11.28,-15.83,79.47,83,100,17.67,GW,1596023617
185,Atar,20.52,-13.05,95.81,28,9,12.68,MR,1596023619
186,Kuril'sk,45.23,147.88,54.48,88,61,7.09,RU,1596023621
187,Qandala,11.47,49.87,90.95,46,48,5.82,SO,1596023624
188,Conde,-7.26,-34.91,75.2,94,20,8.05,BR,1596023626
189,Hasaki,35.73,140.83,68.0,94,75,10.29,JP,1596023628
190,Fukuechō,32.69,128.84,80.44,90,0,6.69,JP,1596023630
191,Curvelo,-18.76,-44.43,72.61,43,0,5.39,BR,1596023632
192,Tonj,7.27,28.68,81.0,77,65,8.25,SS,1596023635
193,Tasiilaq,65.61,-37.64,42.8,81,90,10.29,GL,1596023637
194,Tateyama,34.98,139.87,73.99,100,100,5.99,JP,1596023640
195,Corrales,35.24,-106.61,66.99,75,0,4.05,US,1596023644
196,Ust'-Ordynskiy,52.8,104.75,69.8,83,100,11.18,RU,1596023646
197,Puerto Madryn,-42.77,-65.04,37.85,77,0,5.28,AR,1596023404
198,Port Lincoln,-34.73,135.87,54.07,85,0,6.35,AU,1596023651
199,Acapulco de Juárez,16.86,-99.89,77.5,79,51,4.43,MX,1596023364
200,Ageyevo,54.16,36.47,86.0,37,56,8.95,RU,1596023655
201,Byron Bay,-28.65,153.62,57.0,93,75,8.34,AU,1596023657
202,Lexington,37.99,-84.48,73.0,94,75,2.51,US,1596023492
203,Turochak,52.26,87.12,63.09,92,62,1.32,RU,1596023662
204,Gayny,60.31,54.32,74.88,46,96,4.83,RU,1596023664
205,Batagay,67.63,134.63,50.56,55,0,4.72,RU,1596023666
206,Anadyr,64.75,177.48,51.8,87,40,4.47,RU,1596023668
207,Rehoboth,-23.32,17.08,74.34,18,0,0.47,NA,1596023671
208,Atambua,-9.11,124.89,68.11,81,36,5.79,ID,1596023673
209,Fereydūnkenār,36.69,52.52,93.2,52,20,9.17,IR,1596023675
210,Oktyabr'skiy,54.48,53.47,75.97,58,0,7.61,RU,1596023677
211,Izumo,35.37,132.77,78.8,88,75,3.36,JP,1596023679
212,Lakes Entrance,-37.88,147.98,46.99,95,1,7.47,AU,1596023682
213,São João da Barra,-21.64,-41.05,73.4,78,0,3.36,BR,1596023684
214,Laas,46.62,10.7,79.0,56,40,6.93,IT,1596023686
215,Tiksi,71.69,128.87,42.1,78,51,10.4,RU,1596023688
216,Carutapera,-1.2,-46.02,82.9,69,6,3.49,BR,1596023690
217,Adrar,20.5,-10.07,98.91,25,15,17.29,MR,1596023693
218,Honghu,29.82,113.46,81.79,81,33,4.16,CN,1596023695
219,Antoniny,49.81,26.88,80.35,66,64,9.89,UA,1596023697
220,Andenes,69.31,16.12,69.8,64,82,11.41,NO,1596023699
221,Natal,-5.79,-35.21,75.2,88,40,5.82,BR,1596023702
222,San Policarpo,12.18,125.51,81.07,80,100,2.48,PH,1596023704
223,Dunedin,-45.87,170.5,48.0,81,97,11.01,NZ,1596023414
224,Galapagar,40.58,-4.0,95.0,31,27,5.46,ES,1596023708
225,Camacha,33.08,-16.33,73.4,64,40,16.11,PT,1596023710
226,Kalmunai,7.42,81.82,85.05,67,78,2.46,LK,1596023713
227,Nurota,40.56,65.69,95.0,11,0,16.11,UZ,1596023715
228,Payo,-3.75,103.64,77.5,71,10,2.89,ID,1596023717
229,Honiara,-9.43,159.95,78.8,88,75,2.24,SB,1596023719
230,Ilo,-17.64,-71.34,58.37,69,3,4.61,PE,1596023721
231,São Filipe,14.9,-24.5,78.21,81,100,3.0,CV,1596023726
232,Kahului,20.89,-156.47,71.01,85,21,1.99,US,1596023728
233,Hong Kong,22.29,114.16,87.01,70,96,11.01,HK,1596023599
234,Lüderitz,-26.65,15.16,73.4,40,0,16.11,NA,1596023732
235,Saint-Pierre,-21.34,55.48,73.4,78,90,19.46,RE,1596023735
236,Makkah al Mukarramah,21.43,39.83,98.51,35,4,11.54,SA,1596023513
237,Gornopravdinsk,60.05,69.9,64.22,43,49,7.61,RU,1596023739
238,Province of Mantua,45.17,10.78,90.0,65,16,3.0,IT,1596023741
239,Matamba,-8.98,33.97,70.95,36,23,4.65,TZ,1596023743
240,Isabela,6.71,121.97,79.32,82,100,4.23,PH,1596023746
241,Kendari,-3.94,122.5,74.8,83,26,7.76,ID,1596023748
242,Santa Cruz de Barahona,18.21,-71.1,82.13,71,0,5.08,DO,1596023750
243,Mogadishu,2.04,45.34,80.6,69,40,13.87,SO,1596023692
244,Los Llanos de Aridane,28.66,-17.92,78.8,57,40,19.46,ES,1596023754
245,Coolum Beach,-26.53,153.1,55.0,93,1,5.21,AU,1596023757
246,Gambēla,8.25,34.58,79.02,87,80,3.06,ET,1596023759
247,Hammerfest,70.66,23.68,77.0,41,58,18.34,NO,1596023763
248,Finschhafen,-6.6,147.87,79.52,80,58,3.71,PG,1596023766
249,Vila Franca do Campo,37.72,-25.43,73.4,83,75,8.05,PT,1596023768
250,Kruisfontein,-34.0,24.73,66.99,58,0,7.0,ZA,1596023770
251,Pishin,30.58,67.0,99.95,8,0,6.73,PK,1596023772
252,Saint-Philippe,-21.36,55.77,73.4,78,90,19.46,RE,1596023777
253,Mahibadhoo,3.78,72.97,82.99,79,86,16.51,MV,1596023779
254,Manta,-0.95,-80.73,69.12,85,100,6.98,EC,1596023781
255,Durant,33.99,-96.37,77.0,83,90,5.82,US,1596023784
256,Prince Rupert,54.32,-130.32,50.0,100,40,3.36,CA,1596023786
257,Nanortalik,60.14,-45.24,46.4,94,100,10.09,GL,1596023788
258,Kaeo,-35.1,173.78,55.99,3,100,5.99,NZ,1596023790
259,Segovia,41.17,-4.0,98.01,15,43,1.01,ES,1596023793
260,Vanavara,60.34,102.28,64.24,69,96,10.45,RU,1596023795
261,Poya,-21.35,165.15,70.18,83,100,3.13,NC,1596023798
262,Butembo,0.15,29.28,68.11,80,54,2.19,CD,1596023800
263,Saint-Augustin,51.23,-58.65,60.49,70,59,10.74,CA,1596023802
264,Rochegda,62.8,43.25,69.75,82,100,2.64,RU,1596023804
265,Taveta,-3.4,37.67,78.8,54,40,5.82,KE,1596023806
266,Yerbogachën,61.28,108.01,59.79,72,62,6.67,RU,1596023809
267,West Fargo,46.88,-96.9,63.0,93,1,3.36,US,1596023811
268,Jacmel,18.23,-72.53,81.07,76,7,7.14,HT,1596023813
269,Puerto Escondido,15.85,-97.07,78.75,77,63,3.96,MX,1596023815
270,Bandarbeyla,9.49,50.81,87.71,52,57,27.56,SO,1596023818
271,Bontang,0.13,117.5,79.2,85,95,9.62,ID,1596023701
272,Half Moon Bay,37.46,-122.43,59.0,100,90,4.7,US,1596023746
273,Stony Plain,53.53,-114.0,62.6,88,90,9.17,CA,1596023825
274,Deyskoye,43.48,44.16,75.0,60,90,2.24,RU,1596023829
275,Ambon City,-3.7,128.18,77.0,15,94,1.99,ID,1596023826
276,Edéa,3.8,10.13,82.4,83,75,3.36,CM,1596023833
277,Katete,-0.78,29.75,85.51,32,28,2.08,UG,1596023836
278,Bairiki Village,1.33,172.98,82.4,74,75,12.75,KI,1596023838
279,Qaryat Sulūq,31.67,20.25,99.19,18,0,3.53,LY,1596023840
280,Bolobo,-2.17,16.23,91.31,35,47,3.78,CD,1596023842
281,Kuching,1.55,110.33,80.6,83,40,4.7,MY,1596023845
282,Sungai Raya,0.7,108.9,79.57,86,97,7.49,ID,1596023847
283,Tura,25.52,90.22,78.13,95,100,3.42,IN,1596023849
284,San Jerónimo,-11.95,-75.28,44.6,72,38,0.54,PE,1596023851
285,Lata,40.16,-8.33,91.99,40,0,3.0,PT,1596023856
286,Uporovo,56.31,66.27,67.78,43,62,4.85,RU,1596023858
287,Cayenne,4.93,-52.33,82.4,78,2,11.25,GF,1596023708
288,Mittelberg,47.33,10.15,75.99,68,83,1.01,AT,1596023862
289,Rantauprapat,2.1,99.83,77.59,88,99,1.16,ID,1596023865
290,Berlevåg,70.86,29.09,62.6,82,1,20.8,NO,1596023867
291,Kaitangata,-46.28,169.85,46.99,76,100,3.0,NZ,1596023869
292,Tual,-5.67,132.75,79.05,82,100,21.12,ID,1596023871
293,Clyde River,70.47,-68.59,37.4,93,75,5.82,CA,1596023874
294,Sebring,27.5,-81.44,78.01,88,1,3.36,US,1596023876
295,Sassandra,4.95,-6.08,78.03,77,82,6.6,CI,1596023878
296,Norman Wells,65.28,-126.83,55.4,100,90,5.82,CA,1596023880
297,Oistins,13.07,-59.53,80.6,88,75,21.92,BB,1596023882
298,Pitimbu,-7.47,-34.81,75.2,94,20,8.05,BR,1596023885
299,Srednekolymsk,67.45,153.68,46.17,86,92,9.8,RU,1596023887
300,Labuhan,-6.88,112.21,77.23,70,89,6.24,ID,1596023893
301,Mildura,-34.2,142.15,46.4,77,0,4.7,AU,1596023896
302,San Roque,36.21,-5.38,77.0,78,20,8.05,ES,1596023898
303,Hirara,24.8,125.28,82.4,88,75,5.82,JP,1596023900
304,Sechura,-5.56,-80.82,59.79,84,7,7.74,PE,1596023902
305,Las Vegas,36.17,-115.14,87.8,14,1,5.82,US,1596023632
306,Aksarka,66.56,67.8,59.18,56,100,4.56,RU,1596023907
307,Adré,13.47,22.2,79.93,69,99,11.48,TD,1596023909
308,Vāsudevanallūr,9.23,77.42,82.38,64,100,12.3,IN,1596023911
309,Esso,55.93,158.7,52.48,75,98,3.51,RU,1596023913
310,Khasan,42.43,130.64,67.35,95,84,7.47,RU,1596023915
311,Wanaka,-44.7,169.15,45.66,80,100,4.88,NZ,1596023918
312,Tortolì,39.93,9.66,95.0,56,0,9.17,IT,1596023920
313,Muroto-misakicho,33.28,134.15,80.6,88,75,3.36,JP,1596023922
314,Severobaykal'sk,55.65,109.32,63.41,77,80,0.69,RU,1596023924
315,Vaitape,-16.52,-151.75,79.65,73,47,11.68,PF,1596023926
316,Saqqez,36.25,46.27,99.19,12,46,11.48,IR,1596023774
317,Kokkinochoma,40.93,24.3,95.0,30,20,5.82,GR,1596023931
318,Yeniseysk,58.45,92.17,75.45,60,61,5.44,RU,1596023933
319,Dangara,29.68,75.89,89.92,57,89,6.6,IN,1596023935
320,Druzhba,52.04,33.95,83.93,50,24,12.41,UA,1596023937
321,Ossora,59.24,163.07,56.1,83,98,3.98,RU,1596023940
322,Kyra,49.58,111.98,64.94,79,22,1.1,RU,1596023942
323,Livingston,55.9,-3.52,61.0,67,40,12.75,GB,1596023944
324,Port Blair,11.67,92.75,83.3,78,88,12.66,IN,1596023949
325,Sokur,55.21,83.32,62.6,93,75,4.47,RU,1596023951
326,Nyrob,60.73,56.72,68.58,71,100,4.45,RU,1596023953
327,Karlovo,42.63,24.8,91.4,33,20,4.7,BG,1596023955
328,Comarapa,-17.9,-64.48,50.09,76,98,1.74,BO,1596023957
329,Alofi,-19.06,-169.92,69.8,73,11,13.87,NU,1596023960
330,Watsa,3.04,29.54,77.25,84,7,3.85,CD,1596023945
331,Villaviciosa,43.48,-5.44,69.01,76,73,9.75,ES,1596023966
332,Faanui,-16.48,-151.75,78.8,75,48,11.72,PF,1596023969
333,Pyn U Lwin,22.03,96.47,91.4,59,40,11.41,MM,1596023971
334,Asău,46.43,26.4,87.01,55,5,2.33,RO,1596023973
335,Karratha,-20.74,116.85,70.16,64,0,4.23,AU,1596023975
336,Troy,42.61,-83.15,75.99,78,40,4.7,US,1596023943
337,Kryry,50.17,13.43,78.01,35,11,9.17,CZ,1596023980
338,Ponta Delgada,37.73,-25.67,73.4,83,75,8.05,PT,1596023967
339,Hīt,33.64,42.83,123.28,6,1,7.74,IQ,1596023984
340,Setermoen,68.86,18.35,75.2,47,75,24.16,NO,1596023988
341,Lichinga,-13.31,35.24,69.8,49,75,6.93,MZ,1596023991
342,Sharan,54.82,54.0,74.5,63,0,9.95,RU,1596023995
343,Linxia Chengguanzhen,35.6,103.21,70.52,64,58,7.07,CN,1596023842
344,St. Pete Beach,27.73,-82.74,81.0,78,1,6.93,US,1596024000
345,Angoche,-16.23,39.91,76.51,64,33,12.28,MZ,1596024002
346,Smolenka,52.14,113.5,71.6,83,40,2.24,RU,1596024005
347,Beyneu,45.32,55.2,91.69,14,100,1.59,KZ,1596024009
348,Kavieng,-2.57,150.8,83.25,66,2,5.5,PG,1596024012
349,Panabá,21.28,-88.27,75.25,96,12,6.26,MX,1596024015
350,Colares,38.8,-9.45,78.8,77,40,8.05,PT,1596024018
351,Miraflores,19.22,-98.81,59.0,82,75,5.82,MX,1596024020
352,Lavrentiya,65.58,-171.0,46.15,93,77,3.58,RU,1596024023
353,Alibag,18.64,72.88,84.2,83,75,5.82,IN,1596024025
354,Muyezerskiy,63.93,31.65,57.97,94,100,11.74,RU,1596024027
355,Jardim,-21.48,-56.14,57.15,75,95,6.6,BR,1596024030
356,Vila Velha,-20.33,-40.29,75.99,78,0,4.7,BR,1596023982
357,Cockburn Town,21.46,-71.14,83.41,82,14,19.37,TC,1596024034
358,Umluj,25.02,37.27,90.1,65,17,12.64,SA,1596024036
359,Smolenskaya,44.79,38.8,89.01,48,28,4.68,RU,1596024039
360,Tabatinga,-4.25,-69.94,73.4,100,90,4.7,BR,1596024041
361,Nara,34.69,135.8,80.6,88,75,2.24,JP,1596024043
362,Terenos,-20.44,-54.86,55.4,82,39,12.75,BR,1596023848
363,Lebu,-37.62,-73.65,40.05,72,23,3.96,CL,1596024048
364,Codrington,-38.27,141.97,50.04,87,27,7.63,AU,1596024050
365,Bayonet Point,28.33,-82.68,75.99,77,74,7.58,US,1596024052
366,Sorong,-0.88,131.25,79.03,86,71,13.04,ID,1596024054
367,Kidero,42.19,45.96,68.11,64,55,3.76,RU,1596024057
368,Ayan,56.45,138.17,65.66,83,38,4.43,RU,1596024059
369,Belmonte,-15.86,-38.88,68.0,88,20,4.7,BR,1596024061
370,San Vicente,-26.62,-54.13,39.78,91,24,5.75,AR,1596024063
371,Garbolovo,60.34,30.5,71.01,88,93,7.0,RU,1596024066
372,Saint-Joseph,-21.37,55.62,73.4,78,90,19.46,RE,1596024068
373,Mīnāb,27.15,57.08,104.0,51,20,13.87,IR,1596024070
374,Mahon,39.89,4.27,87.8,45,20,14.99,ES,1596024072
375,Araçatuba,-21.21,-50.43,75.45,45,8,5.79,BR,1596024074
376,Yumen,40.28,97.2,88.66,13,38,3.91,CN,1596024077
377,Rosamorada,22.12,-105.21,76.42,73,97,2.17,MX,1596024079
378,Sur,22.57,59.53,95.31,50,27,6.26,OM,1596024083
379,Waipawa,-41.41,175.52,48.2,93,66,8.05,NZ,1596024086
380,Hwange,-18.37,26.5,79.47,24,0,7.16,ZW,1596024088
381,Sabha,27.04,14.43,97.25,14,0,4.14,LY,1596024090
382,Portland,45.52,-122.68,62.6,67,1,5.82,US,1596024060
383,Şahbuz,39.41,45.57,98.6,19,40,4.7,AZ,1596024094
384,Alice Springs,-23.7,133.88,53.6,23,0,6.93,AU,1596024054
385,Rozivka,46.94,35.77,85.24,36,22,11.79,UA,1596024099
386,Nishihara,26.18,127.76,86.0,89,75,9.17,JP,1596024101
387,Fria,10.42,-13.58,76.48,91,93,5.79,GN,1596024103
388,Olavarría,-36.89,-60.32,34.16,86,0,4.61,AR,1596024105
389,Piteå,65.32,21.48,62.6,88,75,10.29,SE,1596024110
390,Maţāy,28.42,30.78,106.5,11,0,13.11,EG,1596024112
391,Port Hardy,50.7,-127.42,53.76,77,99,2.21,CA,1596024030
392,Phonhong,18.5,102.42,87.8,66,75,6.93,LA,1596024117
393,Neiafu,-18.65,-173.98,72.28,72,7,27.13,TO,1596024119
394,Talnakh,69.49,88.4,62.6,59,75,11.18,RU,1596024121
395,Gravdal,68.12,13.5,71.6,49,71,10.29,NO,1596024124
396,Ostrovnoy,68.05,39.51,59.2,67,0,13.78,RU,1596024126
397,Ancud,-41.87,-73.82,37.0,100,20,3.36,CL,1596024128
398,Singkang,2.1,102.8,82.4,78,20,3.36,MY,1596024130
399,Somerset,40.57,-74.55,82.0,94,75,2.73,US,1596024133
400,Samarai,-10.62,150.67,77.09,86,91,17.34,PG,1596024135
401,Siguiri,11.67,-9.5,81.75,81,93,2.35,GN,1596024137
402,Kieta,-6.22,155.63,79.41,77,55,3.09,PG,1596024139
403,Del Rio,29.36,-100.9,75.2,88,1,10.29,US,1596024144
404,Santiago de Cao,-7.96,-79.24,58.53,90,6,6.15,PE,1596024146
405,Sørland,67.67,12.69,71.6,49,54,10.29,NO,1596024148
406,Masty,53.41,24.54,73.4,53,75,15.66,BY,1596024150
407,Verkhoyansk,67.54,133.38,53.91,49,0,5.99,RU,1596024064
408,Şile,41.18,29.61,84.0,60,0,4.0,TR,1596024155
409,Paka,4.64,103.44,75.2,94,40,1.12,MY,1596024159
410,Tessalit,20.2,1.01,103.12,16,0,12.55,ML,1596024162
411,Manaure,11.78,-72.44,81.09,80,35,12.08,CO,1596024164
412,Sabang,5.89,95.32,83.61,70,80,2.13,ID,1596024166
413,Wilmington,34.23,-77.94,80.01,88,1,4.7,US,1596023991
414,Amapá,1.0,-52.0,79.84,70,0,3.18,BR,1596024170
415,Perehonivka,48.54,30.52,89.17,35,0,3.0,UA,1596024172
416,Laguna,38.42,-121.42,64.4,72,1,5.82,US,1596024175
417,Xining,36.62,101.77,77.0,37,30,10.38,CN,1596024177
418,Santa Cruz de la Sierra,-17.8,-63.17,60.8,31,75,18.34,BO,1596024179
419,Kulhudhuffushi,6.62,73.07,81.99,78,99,18.59,MV,1596024181
420,San Cristobal,7.77,-72.22,75.2,83,40,3.36,VE,1596023973
421,Tsaratanana,-16.78,47.65,85.03,41,30,10.16,MG,1596024188
422,Bria,6.54,21.99,75.97,89,99,2.35,CF,1596024190
423,Puerto Peñasco,31.32,-113.53,86.0,86,5,15.99,MX,1596024192
424,Sabzawār,36.21,57.68,100.36,11,0,13.18,IR,1596024197
425,Killybegs,54.63,-8.45,59.0,67,90,5.82,IE,1596024199
426,Arlit,18.74,7.39,100.42,26,2,8.95,NE,1596024201
427,Iralaya,15.0,-83.23,80.94,84,99,10.11,HN,1596024203
428,Grand Gaube,-20.01,57.66,75.99,64,24,5.99,MU,1596024206
429,Oranjestad,12.52,-70.03,82.4,83,20,8.05,AW,1596024208
430,Ereymentau,51.62,73.1,67.1,58,29,14.54,KZ,1596024210
431,Kaka,37.35,59.61,102.16,14,0,10.51,TM,1596024212
432,Te Anau,-45.42,167.72,48.83,90,99,3.65,NZ,1596024214
433,Goundam,16.41,-3.67,91.18,41,42,5.35,ML,1596024217
434,Bantogon,6.53,124.03,80.49,77,100,5.59,PH,1596024219
435,Hambantota,6.12,81.12,87.8,66,40,14.99,LK,1596024221
436,Pudozh,61.81,36.53,75.29,55,77,5.23,RU,1596024223
437,Zyryanka,65.75,150.85,49.73,63,81,12.59,RU,1596024225
438,Chu,43.6,73.76,88.77,16,0,17.52,KZ,1596024228
439,Zaysan,47.47,84.87,77.52,34,98,24.76,KZ,1596024004
440,Dzaoudzi,-12.79,45.27,80.6,74,40,13.87,YT,1596024232
441,Havøysund,71.0,24.66,77.0,77,42,3.36,NO,1596024234
442,Tibiao,11.29,122.04,80.2,78,100,5.14,PH,1596024239
443,Tanhaçu,-14.02,-41.25,70.65,65,42,5.88,BR,1596024241
444,Sidi Ben Nour,35.53,10.92,95.0,30,0,9.17,TN,1596024243
445,Cedro,-6.61,-39.06,78.44,54,1,9.04,BR,1596024245
446,Chapais,49.78,-74.85,59.0,100,90,5.82,CA,1596024011
447,Yangambi,0.81,24.43,90.75,42,36,3.65,CD,1596024250
448,Tūkrah,32.53,20.58,86.79,46,0,13.87,LY,1596024252
449,Iwanai,42.97,140.51,62.65,87,6,4.54,JP,1596024254
450,Arrondissement de Morlaix,48.58,-4.0,69.8,56,32,3.36,FR,1596024256
451,Eydhafushi,5.1,73.07,82.74,78,99,18.75,MV,1596024258
452,San Matías,-16.37,-58.4,64.8,58,1,8.57,BO,1596024263
453,Arrondissement de Marseille,43.33,5.5,96.01,41,0,4.7,FR,1596024265
454,Langsa,4.47,97.97,78.35,80,97,2.06,ID,1596024267
455,Olinda,-8.01,-34.86,75.2,94,75,4.7,BR,1596024007
456,Garoowe,8.41,48.48,89.8,38,69,25.68,SO,1596024274
457,Nueva Gorgona,8.55,-79.87,81.0,99,60,4.54,PA,1596024280
458,Dawlatabad,36.41,64.91,103.98,11,0,14.16,AF,1596024283
459,Broome,42.25,-75.83,66.99,68,1,6.93,US,1596024285
460,Orocué,4.79,-71.34,75.92,88,52,4.85,CO,1596024287
461,Najrān,17.49,44.13,91.4,43,40,9.17,SA,1596024289
462,Guerrero Negro,27.98,-114.06,64.92,92,76,7.29,MX,1596024292
463,Hofn,64.25,-15.21,53.6,81,75,8.05,IS,1596024294
464,Krasnyy Yar,46.53,48.35,87.8,16,100,8.95,RU,1596024296
465,Korla,41.76,86.15,92.1,18,51,2.73,CN,1596024298
466,Necochea,-38.55,-58.74,34.0,87,0,4.0,AR,1596024301
467,Jiancheng,30.39,104.55,75.0,100,40,4.47,CN,1596024303
468,Ballybofey,54.8,-7.78,62.6,59,75,8.05,IE,1596024306
469,Mount Isa,-20.73,139.5,53.6,30,0,4.7,AU,1596024020
470,Wajid,3.81,43.25,85.46,48,93,16.2,SO,1596024310
471,Karancskeszi,48.16,19.7,86.0,51,20,10.29,HU,1596024312
472,Sirte,31.21,16.59,84.43,56,0,13.47,LY,1596024314
473,Kachug,53.96,105.88,73.69,57,90,4.79,RU,1596024317
474,Chapleau,47.84,-83.4,59.0,87,75,4.7,CA,1596024319
475,Phuket,8.0,98.25,86.0,83,40,2.24,TH,1596024321
476,Whittlesea,-32.18,26.82,68.77,23,0,15.35,ZA,1596024324
477,Sola,-13.88,167.55,80.26,84,100,18.28,VU,1596024326
478,Aleksandrov Gay,50.15,48.57,86.31,25,44,5.3,RU,1596024328
479,Mayumba,-3.43,10.66,76.08,73,91,9.75,GA,1596024330
480,Badin,24.66,68.84,96.66,51,97,23.33,PK,1596024333
481,Maceió,-9.67,-35.74,73.4,94,90,9.17,BR,1596024312
482,Mitsamiouli,-11.38,43.28,78.8,74,75,20.8,KM,1596024337
483,Nelson Bay,-32.72,152.15,60.01,93,90,6.93,AU,1596024339
484,Eyl,7.98,49.82,90.77,44,63,23.71,SO,1596024342
485,Gilgit,35.92,74.31,91.4,21,39,6.13,PK,1596024144
486,Udachny,66.42,112.4,62.6,48,100,4.47,RU,1596024150
487,Carballo,43.21,-8.69,84.0,61,4,9.17,ES,1596024353
488,Dalvik,65.97,-18.53,51.8,76,90,2.24,IS,1596024355
489,Glyadyanskoye,54.91,65.09,69.62,63,82,1.66,RU,1596024357
490,Shuangcheng,45.35,126.28,75.2,94,81,4.47,CN,1596024359
491,Arrecife,28.96,-13.55,80.6,57,20,26.4,ES,1596024258
492,Krasnosel'kup,65.7,82.47,67.21,44,54,7.16,RU,1596024364
493,Villanueva de la Serena,38.98,-5.8,98.01,27,0,1.99,ES,1596024366
494,Anyang,36.1,114.33,89.01,56,10,10.85,CN,1596024165
495,Gizo Government Station,-8.1,156.84,82.72,73,2,2.21,SB,1596024370
496,Yueyang,29.33,113.09,83.14,77,47,1.99,CN,1596024373
497,Kirensk,57.79,108.11,69.3,60,95,10.29,RU,1596024375
498,Guadalupe y Calvo,26.1,-106.97,53.73,95,27,4.36,MX,1596024377
499,Iberia,29.95,-91.75,73.4,100,40,5.82,US,1596024379
500,Ardakān,32.31,54.02,104.0,11,20,18.34,IR,1596024381
501,Westport,41.14,-73.36,78.01,73,1,3.36,US,1596024384
502,Tshikapa,-6.42,20.8,103.68,13,4,1.59,CD,1596024386
503,Igarka,67.47,86.58,67.33,55,15,10.98,RU,1596024388
504,Emba,48.83,58.14,84.04,21,3,1.3,KZ,1596024390
505,Northampton,40.88,-75.25,69.01,97,0,2.15,US,1596024110
506,Ahipara,-35.17,173.17,54.27,82,99,8.34,NZ,1596024395
507,Zwedru,6.07,-8.13,76.84,81,97,4.0,LR,1596024397
508,Nador,35.17,-2.93,87.8,69,20,8.05,MA,1596024399
509,Husavik,66.04,-17.34,51.8,76,90,2.24,IS,1596024401
510,Homer,59.64,-151.55,55.0,87,1,4.7,US,1596024404
511,Piterka,50.68,47.45,84.36,30,53,4.54,RU,1596024406
512,Cortona,43.27,11.99,96.01,38,0,6.98,IT,1596024408
513,Kayunga,0.7,32.89,80.92,44,49,3.96,UG,1596024410
514,Sitka,57.05,-135.33,51.8,87,1,3.36,US,1596024413
515,Noumea,-22.28,166.46,75.2,57,100,19.46,NC,1596024415
516,Fairbanks,64.84,-147.72,55.4,76,90,8.05,US,1596024408
517,Buchanan,5.88,-10.05,78.8,83,75,3.36,LR,1596024419
518,Safaga,26.73,33.94,100.4,29,0,16.11,EG,1596024421
519,Hluti,-27.22,31.62,78.58,17,0,2.59,SZ,1596024424
520,Kumul,42.8,93.45,93.88,11,20,10.92,CN,1596024426
521,Amzya,56.24,54.39,76.46,57,2,10.18,RU,1596024428
522,Poum,-20.23,164.02,74.07,86,91,30.42,NC,1596024430
523,Bajil,15.06,43.29,93.72,45,30,10.42,YE,1596024432
524,Port-Cartier,50.03,-66.87,59.0,100,90,6.93,CA,1596024435
525,Coyhaique,-45.58,-72.07,28.4,86,78,4.7,CL,1596024315
526,Khojaly District,39.91,46.79,86.85,46,5,8.84,AZ,1596024439
527,Dongsheng,39.82,109.98,83.41,27,65,11.92,CN,1596024441
528,Ylivieska,64.08,24.55,66.99,80,96,5.01,FI,1596024444
529,Narasannapeta,18.42,84.05,85.33,74,89,8.28,IN,1596024446
530,Okha,53.57,142.95,64.36,91,7,6.96,RU,1596024448
531,Nísia Floresta,-6.09,-35.21,75.2,88,40,5.82,BR,1596024450
532,Rāzole,16.48,81.83,86.81,72,57,7.7,IN,1596024452
533,Seoul,37.57,126.98,77.0,94,90,5.32,KR,1596024325
534,Cabo San Lucas,22.89,-109.91,78.01,88,5,6.93,MX,1596024301
535,Marquette,46.53,-87.63,61.0,90,1,5.19,US,1596024461
536,College,64.86,-147.8,55.4,76,75,5.82,US,1596024463
537,Mâncio Lima,-7.61,-72.9,72.16,83,10,1.92,BR,1596024466
538,Grindavik,63.84,-22.43,51.8,93,75,6.93,IS,1596024472
539,Tazovsky,67.47,78.7,58.91,58,47,5.82,RU,1596024474
540,Avera,33.19,-82.53,77.0,85,40,4.7,US,1596024477
541,Kimbe,-5.55,150.14,76.69,88,99,4.61,PG,1596024479
542,Rawson,-43.3,-65.1,37.35,78,0,6.11,AR,1596024262
543,Namatanai,-3.67,152.43,80.17,73,18,4.12,PG,1596024483
544,Lobito,-12.35,13.55,74.39,71,84,9.1,AO,1596024485
545,Flin Flon,54.77,-101.86,60.8,93,40,5.82,CA,1596024488
546,Tashtyp,52.79,89.9,71.73,63,87,4.65,RU,1596024490
547,Rāwah,34.48,41.91,119.25,9,24,13.09,IQ,1596024492
548,Merauke,-8.47,140.33,76.24,84,79,16.13,ID,1596024494
549,Dubbo,-32.25,148.62,46.4,93,0,5.82,AU,1596024499
550,Kandrian,-6.22,149.55,78.6,85,74,4.81,PG,1596024501
551,Kupang,-10.17,123.58,75.2,60,20,13.87,ID,1596024503
552,Coari,-4.08,-63.14,76.71,68,6,1.97,BR,1596024507
553,Shenjiamen,29.96,122.3,80.42,90,74,14.72,CN,1596024510
554,Broken Hill,-31.95,141.43,51.8,29,0,5.66,AU,1596024512
555,Taltal,-25.4,-70.48,58.23,49,10,1.88,CL,1596024514
556,Yulara,-25.24,130.99,57.2,22,0,5.82,AU,1596024516
557,Sfântu Gheorghe,45.87,25.78,84.99,52,0,1.01,RO,1596024518
558,Sobolevo,54.43,31.9,71.58,88,86,9.57,RU,1596024521
559,Barra do Garças,-15.89,-52.26,75.4,45,65,1.57,BR,1596024525
560,Ivanovka,42.89,75.08,80.6,36,75,8.95,KG,1596024527
561,Viedma,-40.81,-63.0,37.45,80,0,3.42,AR,1596024364
